{
    "arabica": [
        {
            "foto": "images/produk/product_capuchino.jpg",
            "nama": "Cappuccino Arabica",
            "size": "500 Gram",
            "harga": "200.000",
            "link": "https://www.google.com/search?q=cappuccino+arabica&tbm=shop"
        },
        {
            "foto": "images/produk/product_espresso.jpg",
            "nama": "Pahit Arabica",
            "size": "100 Gram",
            "harga": "100.000",
            "link": "https://www.google.com/search?q=pahit+arabica&tbm=shop"
        },
        {
            "foto": "images/produk/product_latte.jpg",
            "nama": "Latte Arabica",
            "size": "150 Gram",
            "harga": "150.000",
            "link": "https://www.google.com/search?q=latte+arabica&tbm=shop"
        }
    ],
    "robusta": [
        {
            "foto": "images/produk/product_kopi_susu.jpg",
            "nama": "Kopsus Robusta",
            "size": "100 Gram",
            "harga": "500.000",
            "link": "https://www.google.com/search?q=kopi+susu+robusta&tbm=shop"
        },
        {
            "foto": "images/produk/product_latte.jpg",
            "nama": "Latte Robusta",
            "size": "150 Gram",
            "harga": "150.000",
            "link": "https://www.google.com/search?q=latte+robusta&tbm=shop"
        }
    ],
    "nonkopi": [
      {
        "foto": "https://cdn0-production-images-kly.akamaized.net/uVQ1g8LsQ-NKigINNYmPVc89iwU=/1x31:1000x594/469x260/filters:quality(75):strip_icc():format(webp)/kly-media-production/medias/4210109/original/062626900_1667267815-shutterstock_2137989967.jpg",
        "nama": "Es Cendol",
        "size": "100 Gram",
        "harga": "500.000",
        "link": "https://www.google.com/search?q=kopi+susu+robusta&tbm=shop"
            },
      {
        "foto": "https://cdn0-production-images-kly.akamaized.net/xyZTH8jwba_Ym1WiAEbAg5_rquY=/0x2180:3999x4434/673x378/filters:quality(75):strip_icc():format(webp)/kly-media-production/medias/3981507/original/061819300_1648783740-shutterstock_1969134643.jpg",
        "nama": "Es Campur",
        "size": "150 Gram",
        "harga": "150.000",
        "link": "https://www.google.com/search?q=latte+robusta&tbm=shop"
            }
        ]
}